[I can't repro by following your steps. The result seems to be right from my side. Do you still see the issues?, Hi , we hit this issue as well:
CREATE EXTERNAL TABLE `temp_db.table1`(
  `c1` int, 
  `c2` timestamp, 
  `c3` string, 
  `c4` string, 
  `c5` string, 
  `c6` string, 
  `c7` string, 
  `t` double)
PARTITIONED BY ( 
  `dt` string)
ROW FORMAT SERDE 
  'org.apache.hadoop.hive.serde2.columnar.LazyBinaryColumnarSerDe' 
STORED AS INPUTFORMAT 
  'org.apache.hadoop.hive.ql.io.RCFileInputFormat' 
OUTPUTFORMAT 
  'org.apache.hadoop.hive.ql.io.RCFileOutputFormat'

0: jdbc:hive2://ip:port> select * from temp_db.table1 where dt='2015-02-26'  limit 1;                          
+-----------------------------------+-------------------------------------+-------------------------------+----------------------------------+--------------------------------+------------------------------+------------------------------------+---+
| table1.c1  | table1.c2  | table1.c3  | table1.c4  | table1.c5  | table1.c6  | table1.c7  | t |
+-----------------------------------+-------------------------------------+-------------------------------+----------------------------------+--------------------------------+------------------------------+------------------------------------+---+
| 9318                              | 2015-02-26 09:22:07.0               | 100005824                     | 20150228                         | 15022895901544                 | x1                      | 97                                 | 6 |
+-----------------------------------+-------------------------------------+-------------------------------+----------------------------------+--------------------------------+------------------------------+------------------------------------+---+
1 row selected (0.976 seconds)
0: jdbc:hive2://ip:port> select * from temp_db.table1 where dt='2015-02-26'  limit 2;
+-----------------------------------+-------------------------------------+-------------------------------+----------------------------------+--------------------------------+------------------------------+------------------------------------+---+
| table1.c1  | table1.c2  | table1.c3  | table1.c4  | table1.c5  | table1.c6  | table1.c7  | t |
+-----------------------------------+-------------------------------------+-------------------------------+----------------------------------+--------------------------------+------------------------------+------------------------------------+---+
| 9318                              | 2015-02-26 09:22:07.0               | 100005824                     | 20150228                         | 15022895901544                 | x1                      | 97                                 | 6 |
| 9318                              | 2015-02-26 09:22:07.0               | 100005824                     | 20150228                         | 15022895901544                 | x1                      | 97                                 | 6 |
+-----------------------------------+-------------------------------------+-------------------------------+----------------------------------+--------------------------------+------------------------------+------------------------------------+---+
2 rows selected (0.173 seconds)
0: jdbc:hive2://ip:port> select * from temp_db.table1 where dt='2015-02-26'  limit 3;
+-----------------------------------+-------------------------------------+-------------------------------+----------------------------------+--------------------------------+------------------------------+------------------------------------+---+
| table1.c1  | table1.c2  | table1.c3  | table1.c4  | table1.c5  | table1.c6  | table1.c7  | t |
+-----------------------------------+-------------------------------------+-------------------------------+----------------------------------+--------------------------------+------------------------------+------------------------------------+---+
| 9318                              | 2015-02-26 09:23:58.0               | 100005824                     | 20150228                         | 15022895901544                 | x1                      | 97                                 | 6 |
| 9318                              | 2015-02-26 09:23:58.0               | 100005824                     | 20150228                         | 15022895901544                 | x1                      | 97                                 | 6 |
| 9318                              | 2015-02-26 09:23:58.0               | 100008989                     | 20150228                         | 15022883170834                 | y1                      | 97                                 | 1 |
+-----------------------------------+-------------------------------------+-------------------------------+----------------------------------+--------------------------------+------------------------------+------------------------------------+---+
3 rows selected (0.205 seconds)
0: jdbc:hive2://ip:port> select * from temp_db.table1 where dt='2015-02-26'  limit 4;
+-----------------------------------+-------------------------------------+-------------------------------+----------------------------------+--------------------------------+------------------------------+------------------------------------+---+
| table1.c1  | table1.c2  | table1.c3  | table1.c4  | table1.c5  | table1.c6  | table1.c7  | t |
+-----------------------------------+-------------------------------------+-------------------------------+----------------------------------+--------------------------------+------------------------------+------------------------------------+---+
| 9318                              | 2015-02-26 09:23:58.0               | 100005824                     | 20150228                         | 15022895901544                 | x1                      | 97                                 | 6 |
| 9318                              | 2015-02-26 09:23:58.0               | 100005824                     | 20150228                         | 15022895901544                 | x1                      | 97                                 | 6 |
| 9318                              | 2015-02-26 09:23:58.0               | 100008989                     | 20150228                         | 15022883170834                 | y1                      | 97                                 | 1 |
| 9318                              | 2015-02-26 09:23:58.0               | 100008989                     | 20150228                         | 15022883170834                 | y1                      | 97                                 | 1 |
+-----------------------------------+-------------------------------------+-------------------------------+----------------------------------+--------------------------------+------------------------------+------------------------------------+---+
4 rows selected (0.157 seconds)
0: jdbc:hive2://ip:port> select * from temp_db.table1 where dt='2015-02-26'  limit 5;
+-----------------------------------+-------------------------------------+-------------------------------+----------------------------------+--------------------------------+------------------------------+------------------------------------+---+
| table1.c1  | table1.c2  | table1.c3  | table1.c4  | table1.c5  | table1.c6  | table1.c7  | t |
+-----------------------------------+-------------------------------------+-------------------------------+----------------------------------+--------------------------------+------------------------------+------------------------------------+---+
| 9318                              | 2015-02-26 09:22:02.0               | 100005824                     | 20150228                         | 15022895901544                 | x1                      | 97                                 | 6 |
| 9318                              | 2015-02-26 09:22:02.0               | 100005824                     | 20150228                         | 15022895901544                 | x1                      | 97                                 | 6 |
| 9318                              | 2015-02-26 09:22:02.0               | 100008989                     | 20150228                         | 15022883170834                 | y1                      | 97                                 | 1 |
| 9318                              | 2015-02-26 09:22:02.0               | 100008989                     | 20150228                         | 15022883170834                 | y1                      | 97                                 | 1 |
| 9318                              | 2015-02-26 09:22:02.0               | 100015982                     | 20150228                         | 15022867271422                 | w1                          | 60                                 | 1 |
+-----------------------------------+-------------------------------------+-------------------------------+----------------------------------+--------------------------------+------------------------------+------------------------------------+---+
5 rows selected (0.215 seconds), [~hongyu.bi] What kind of data you should suppose to see in the table? , I saw the issue on 0.13., I traced into this issue and it has been fixed in the later version under HIVE-7399. The issue is that we are referring to the same timestamp object and then  if we are updating the object, actually all the timestamps get affected since they are pointing to the same one., thanks aihua:)]